<?xml version="1.0" encoding="UTF-8" ?>
<!DOCTYPE mapper PUBLIC "-//mybatis.org//DTD Mapper 3.0//EN" "http://mybatis.org/dtd/mybatis-3-mapper.dtd" >
<mapper namespace="group27.xukai.cpt202b.mapper.AppoMapper" >

  <!-- Result mapping definitions -->
  <resultMap id="BaseResultMap" type="group27.xukai.cpt202b.entity.Appo">
    <id column="aid" property="aid" jdbcType="INTEGER" />
    <result column="trainername" property="trainername" jdbcType="VARCHAR" />
    <result column="cancel_time" property="cancelTime" jdbcType="TIMESTAMP" />
    <result column="create_time" property="createTime" jdbcType="TIMESTAMP" />
    <result column="finish_time" property="finishTime" jdbcType="TIMESTAMP" />
    <result column="start_time" property="startTime" jdbcType="TIMESTAMP" />
    <result column="status" property="status" jdbcType="VARCHAR" />
    <result column="totalprice" property="totalprice" jdbcType="DOUBLE" />
    <result column="uid" property="uid" jdbcType="INTEGER" />
  </resultMap>

  <!-- Base column list -->
  <sql id="Base_Column_List">
    aid, trainername, cancel_time, create_time, finish_time, start_time, status, totalprice, uid
  </sql>
<!--  <select id="findByUserUsernameContaining" resultType="group27.xukai.cpt202b.entity.Appo">-->
<!--    SELECT * FROM appointment WHERE username LIKE CONCAT('%', #{username}, '%')-->
<!--  </select>-->
<!--  <select id="QueryAll" resultMap="BaseResultMap">-->
<!--    select * from appointment-->
<!--  </select>-->
<!--  <select id="selectByPrimaryKey" resultMap="BaseResultMap" parameterType="java.lang.Integer" >-->
<!--    &lt;!&ndash;-->
<!--      WARNING - @mbggenerated-->
<!--      This element is automatically generated by MyBatis Generator, do not modify.-->
<!--    &ndash;&gt;-->
<!--    select -->
<!--    <include refid="Base_Column_List" />-->
<!--    from appointment-->
<!--    where appoId = #{appoid,jdbcType=INTEGER}-->
<!--  </select>-->
<!--  <delete id="deleteByPrimaryKey" parameterType="java.lang.Integer" >-->
<!--    &lt;!&ndash;-->
<!--      WARNING - @mbggenerated-->
<!--      This element is automatically generated by MyBatis Generator, do not modify.-->
<!--    &ndash;&gt;-->
<!--    delete from appointment-->
<!--    where appoId = #{appoid,jdbcType=INTEGER}-->
<!--  </delete>-->
<!--  <insert id="insert" parameterType="group27.xukai.cpt202b.entity.Appo">-->
<!--    &lt;!&ndash;-->
<!--      WARNING - This element is automatically generated by MyBatis Generator, do not modify.-->
<!--    &ndash;&gt;-->
<!--    insert into appointment (userId, userName, time, timespot, trainerId,-->
<!--    trainerName, place, price)-->
<!--    values (#{userid,jdbcType=VARCHAR}, #{username,jdbcType=VARCHAR},-->
<!--    #{time,jdbcType=TIMESTAMP}, #{timespot,jdbcType=VARCHAR}, #{trainerid,jdbcType=VARCHAR},-->
<!--    #{trainername,jdbcType=VARCHAR}, #{place,jdbcType=VARCHAR}, #{price,jdbcType=VARCHAR})-->
<!--  </insert>-->

<!--  <insert id="insertSelective" parameterType="group27.xukai.cpt202b.entity.Appo" >-->
<!--    &lt;!&ndash;-->
<!--      WARNING - @mbggenerated-->
<!--      This element is automatically generated by MyBatis Generator, do not modify.-->
<!--    &ndash;&gt;-->
<!--    insert into appointment-->
<!--    <trim prefix="(" suffix=")" suffixOverrides="," >-->
<!--      <if test="appoid != null" >-->
<!--        appoId,-->
<!--      </if>-->
<!--      <if test="userid != null" >-->
<!--        userId,-->
<!--      </if>-->
<!--      <if test="username != null" >-->
<!--        userName,-->
<!--      </if>-->
<!--      <if test="time != null" >-->
<!--        time,-->
<!--      </if>-->
<!--      <if test="timespot != null" >-->
<!--        timespot,-->
<!--      </if>-->
<!--      <if test="trainerid != null" >-->
<!--        trainerId,-->
<!--      </if>-->
<!--      <if test="trainername != null" >-->
<!--        trainerName,-->
<!--      </if>-->
<!--      <if test="place != null" >-->
<!--        place,-->
<!--      </if>-->
<!--      <if test="price != null" >-->
<!--        price,-->
<!--      </if>-->
<!--    </trim>-->
<!--    <trim prefix="values (" suffix=")" suffixOverrides="," >-->
<!--      <if test="appoid != null" >-->
<!--        #{appoid,jdbcType=INTEGER},-->
<!--      </if>-->
<!--      <if test="userid != null" >-->
<!--        #{userid,jdbcType=VARCHAR},-->
<!--      </if>-->
<!--      <if test="username != null" >-->
<!--        #{username,jdbcType=VARCHAR},-->
<!--      </if>-->
<!--      <if test="time != null" >-->
<!--        #{time,jdbcType=TIMESTAMP},-->
<!--      </if>-->
<!--      <if test="timespot != null" >-->
<!--        #{timespot,jdbcType=VARCHAR},-->
<!--      </if>-->
<!--      <if test="trainerid != null" >-->
<!--        #{trainerid,jdbcType=VARCHAR},-->
<!--      </if>-->
<!--      <if test="trainername != null" >-->
<!--        #{trainername,jdbcType=VARCHAR},-->
<!--      </if>-->
<!--      <if test="place != null" >-->
<!--        #{place,jdbcType=VARCHAR},-->
<!--      </if>-->
<!--      <if test="price != null" >-->
<!--        #{price,jdbcType=VARCHAR},-->
<!--      </if>-->
<!--    </trim>-->
<!--  </insert>-->
<!--  <update id="updateByPrimaryKeySelective" parameterType="group27.xukai.cpt202b.entity.Appo" >-->
<!--    &lt;!&ndash;-->
<!--      WARNING - @mbggenerated-->
<!--      This element is automatically generated by MyBatis Generator, do not modify.-->
<!--    &ndash;&gt;-->
<!--    update appointment-->
<!--    <set >-->
<!--      <if test="userid != null" >-->
<!--        userId = #{userid,jdbcType=VARCHAR},-->
<!--      </if>-->
<!--      <if test="username != null" >-->
<!--        userName = #{username,jdbcType=VARCHAR},-->
<!--      </if>-->
<!--      <if test="time != null" >-->
<!--        time = #{time,jdbcType=TIMESTAMP},-->
<!--      </if>-->
<!--      <if test="timespot != null" >-->
<!--        timespot = #{timespot,jdbcType=VARCHAR},-->
<!--      </if>-->
<!--      <if test="trainerid != null" >-->
<!--        trainerId = #{trainerid,jdbcType=VARCHAR},-->
<!--      </if>-->
<!--      <if test="trainername != null" >-->
<!--        trainerName = #{trainername,jdbcType=VARCHAR},-->
<!--      </if>-->
<!--      <if test="place != null" >-->
<!--        place = #{place,jdbcType=VARCHAR},-->
<!--      </if>-->
<!--      <if test="price != null" >-->
<!--        price = #{price,jdbcType=VARCHAR},-->
<!--      </if>-->
<!--    </set>-->
<!--    where appoId = #{appoid,jdbcType=INTEGER}-->
<!--  </update>-->
<!--  <update id="updateByPrimaryKey" parameterType="group27.xukai.cpt202b.entity.Appo" >-->
<!--    &lt;!&ndash;-->
<!--      WARNING - @mbggenerated-->
<!--      This element is automatically generated by MyBatis Generator, do not modify.-->
<!--    &ndash;&gt;-->
<!--    update appointment-->
<!--    set userId = #{userid,jdbcType=VARCHAR},-->
<!--      userName = #{username,jdbcType=VARCHAR},-->
<!--      time = #{time,jdbcType=TIMESTAMP},-->
<!--      timespot = #{timespot,jdbcType=VARCHAR},-->
<!--      trainerId = #{trainerid,jdbcType=VARCHAR},-->
<!--      trainerName = #{trainername,jdbcType=VARCHAR},-->
<!--      place = #{place,jdbcType=VARCHAR},-->
<!--      price = #{price,jdbcType=VARCHAR}-->
<!--    where appoId = #{appoid,jdbcType=INTEGER}-->
<!--  </update>-->
</mapper>