<?xml version="1.0" encoding="UTF-8"?>
<!DOCTYPE mapper PUBLIC "-//mybatis.org//DTD Mapper 3.0//EN" "http://mybatis.org/dtd/mybatis-3-mapper.dtd">
<mapper namespace="group27.xukai.cpt202b.mapper.FeedbackDao">

    <resultMap type="group27.xukai.cpt202b.entity.Feedback" id="FeedbackMap">
        <result property="coachid" column="coachId" jdbcType="INTEGER"/>
        <result property="studentname" column="studentName" jdbcType="VARCHAR"/>
        <result property="coursename" column="courseName" jdbcType="VARCHAR"/>
        <result property="rating" column="rating" jdbcType="INTEGER"/>
        <result property="feedback" column="feedback" jdbcType="VARCHAR"/>
    </resultMap>

    <!--查询单个-->
    <select id="queryById" resultMap="FeedbackMap">
        select
coachIdstudentNamecourseNameratingfeedback
        from feedback
        where coachId = #{coachid}
    </select>

    <!--查询指定行数据-->
    <select id="queryAllByLimit" resultMap="FeedbackMap">
        select
coachIdstudentNamecourseNameratingfeedback
        from feedback
        <where>
            <if test="coachid != null">
                and coachId = #{coachid}
            </if>
            <if test="studentname != null and studentname != ''">
                and studentName = #{studentname}
            </if>
            <if test="coursename != null and coursename != ''">
                and courseName = #{coursename}
            </if>
            <if test="rating != null">
                and rating = #{rating}
            </if>
            <if test="feedback != null and feedback != ''">
                and feedback = #{feedback}
            </if>
        </where>
        limit #{pageable.offset}, #{pageable.pageSize}
    </select>

    <!--统计总行数-->
    <select id="count" resultType="java.lang.Long">
        select count(1)
        from feedback
        <where>
            <if test="coachid != null">
                and coachId = #{coachid}
            </if>
            <if test="studentname != null and studentname != ''">
                and studentName = #{studentname}
            </if>
            <if test="coursename != null and coursename != ''">
                and courseName = #{coursename}
            </if>
            <if test="rating != null">
                and rating = #{rating}
            </if>
            <if test="feedback != null and feedback != ''">
                and feedback = #{feedback}
            </if>
        </where>
    </select>

    <insert id="insert" parameterType="group27.xukai.cpt202b.entity.Feedback">
        INSERT INTO Feedback (coachid, studentName, courseName, rating, feedback)
        VALUES (#{coachid}, #{studentName}, #{courseName}, #{rating}, #{feedback})
    </insert>

    <insert id="insertBatch" keyProperty="coachid" useGeneratedKeys="true">
        insert into feedback(studentNamecourseNameratingfeedback)
        values
        <foreach collection="entities" item="entity" separator=",">
        (#{entity.studentname}#{entity.coursename}#{entity.rating}#{entity.feedback})
        </foreach>
    </insert>

    <insert id="insertOrUpdateBatch" keyProperty="coachid" useGeneratedKeys="true">
        insert into feedback(studentNamecourseNameratingfeedback)
        values
        <foreach collection="entities" item="entity" separator=",">
            (#{entity.studentname}#{entity.coursename}#{entity.rating}#{entity.feedback})
        </foreach>
        on duplicate key update
studentName = values(studentName)courseName = values(courseName)rating = values(rating)feedback = values(feedback)
    </insert>

    <!--通过主键修改数据-->
    <update id="update">
        update feedback
        <set>
            <if test="studentname != null and studentname != ''">
                studentName = #{studentname},
            </if>
            <if test="coursename != null and coursename != ''">
                courseName = #{coursename},
            </if>
            <if test="rating != null">
                rating = #{rating},
            </if>
            <if test="feedback != null and feedback != ''">
                feedback = #{feedback},
            </if>
        </set>
        where coachId = #{coachid}
    </update>

        <select id="selectAllFeedback" resultType="group27.xukai.cpt202b.entity.Feedback">
            SELECT * FROM feedback
        </select>
    <select id="search" resultType="group27.xukai.cpt202b.entity.Feedback">
        SELECT * FROM feedback WHERE CONCAT(coachId, studentName, courseName, rating, feedback) LIKE #{term}
    </select>
</mapper>

