<?xml version="1.0" encoding="UTF-8" ?>
<!DOCTYPE mapper PUBLIC "-//mybatis.org//DTD Mapper 3.0//EN" "http://mybatis.org/dtd/mybatis-3-mapper.dtd" >
<mapper namespace="group27.xukai.cpt202b.mapper.NotificationMapper" >
  <resultMap id="BaseResultMap" type="group27.xukai.cpt202b.entity.Notification" >
    <!--
      WARNING - @mbggenerated
      This element is automatically generated by MyBatis Generator, do not modify.
    -->
    <id column="notificationId" property="notificationId" jdbcType="INTEGER" />
    <result column="type" property="type" jdbcType="VARCHAR" />
    <result column="planlevel" property="planlevel" jdbcType="VARCHAR" />
    <result column="memberemail" property="memberemail" jdbcType="VARCHAR" />
    <result column="date" property="date" jdbcType="VARCHAR" />
    <result column="content" property="content" jdbcType="VARCHAR" />
  </resultMap>
  <sql id="Base_Column_List" >
    <!--
      WARNING - @mbggenerated
      This element is automatically generated by MyBatis Generator, do not modify.
    -->
    notificationId, type, planlevel, memberemail, date, content
  </sql>
  <select id="QueryAll" resultMap="BaseResultMap">
    select * from notification
  </select>
  <select id="selectByPrimaryKey" resultMap="BaseResultMap" parameterType="java.lang.Integer" >
    <!--
      WARNING - @mbggenerated
      This element is automatically generated by MyBatis Generator, do not modify.
    -->
    select
    <include refid="Base_Column_List" />
    from notification
    where notificationId = #{notificationId,jdbcType=INTEGER}
  </select>
  <delete id="deleteByPrimaryKey" parameterType="java.lang.Integer" >
    <!--
      WARNING - @mbggenerated
      This element is automatically generated by MyBatis Generator, do not modify.
    -->
    delete from notification
    where notificationId = #{notificationId,jdbcType=INTEGER}
  </delete>
  <insert id="insert" parameterType="group27.xukai.cpt202b.entity.Notification" useGeneratedKeys="true" keyProperty="notificationId">
    insert into notification (type, planlevel, memberemail, date, content)
    values (#{type,jdbcType=VARCHAR}, #{planlevel,jdbcType=VARCHAR},
            #{memberemail,jdbcType=VARCHAR}, #{date,jdbcType=VARCHAR}, #{content,jdbcType=VARCHAR})
  </insert>
  <insert id="insertSelective" parameterType="group27.xukai.cpt202b.entity.Notification" >
    <!--
      WARNING - @mbggenerated
      This element is automatically generated by MyBatis Generator, do not modify.
    -->
    insert into notification
    <trim prefix="(" suffix=")" suffixOverrides="," >
      <if test="notificationId != null" >
        notificationId,
      </if>
      <if test="type != null" >
        type,
      </if>
      <if test="planlevel != null" >
        trainerId,
      </if>
      <if test="memberemail != null" >
        customerId,
      </if>
      <if test="date != null" >
        date,
      </if>
      <if test="content != null" >
        content,
      </if>
    </trim>
    <trim prefix="values (" suffix=")" suffixOverrides="," >
      <if test="notificationId != null" >
        #{notificationId,jdbcType=INTEGER},
      </if>
      <if test="type != null" >
        #{type,jdbcType=VARCHAR},
      </if>
      <if test="planlevel != null" >
        #{planlevel,jdbcType=VARCHAR},
      </if>
      <if test="memberemail != null" >
        #{memberemail,jdbcType=VARCHAR},
      </if>
      <if test="date != null" >
        #{date,jdbcType=VARCHAR},
      </if>
      <if test="content != null" >
        #{content,jdbcType=VARCHAR},
      </if>
    </trim>
  </insert>
  <update id="updateByPrimaryKeySelective" parameterType="group27.xukai.cpt202b.entity.Notification" >
    <!--
      WARNING - @mbggenerated
      This element is automatically generated by MyBatis Generator, do not modify.
    -->
    update notification
    <set >
      <if test="type != null" >
        type = #{type,jdbcType=VARCHAR},
      </if>
      <if test="planlevel != null" >
        planlevel = #{trainerId,jdbcType=VARCHAR},
      </if>
      <if test="memberemail != null" >
        memberemail = #{customerId,jdbcType=VARCHAR},
      </if>
      <if test="date != null" >
        date = #{date,jdbcType=VARCHAR},
      </if>
      <if test="content != null" >
        content = #{content,jdbcType=VARCHAR},
      </if>
    </set>
    where notificationId = #{notificationid,jdbcType=INTEGER}
  </update>
  <update id="updateByPrimaryKey" parameterType="group27.xukai.cpt202b.entity.Notification" >
    <!--
      WARNING - @mbggenerated
      This element is automatically generated by MyBatis Generator, do not modify.
    -->
    update notification
    set type = #{type,jdbcType=VARCHAR},
    planlevel = #{planlevel,jdbcType=VARCHAR},
    memberemail = #{memberemail,jdbcType=VARCHAR},
    date = #{date,jdbcType=VARCHAR},
    content = #{content,jdbcType=VARCHAR}
    where notificationId = #{notificationId,jdbcType=INTEGER}
  </update>
</mapper>
