<?xml version="1.0" encoding="UTF-8"?>
<!DOCTYPE mapper PUBLIC "-//mybatis.org//DTD Mapper 3.0//EN" "http://mybatis.org/dtd/mybatis-3-mapper.dtd">
<mapper namespace="group27.xukai.cpt202b.mapper.TrainerMapper">
  <resultMap id="BaseResultMap" type="group27.xukai.cpt202b.entity.Trainer">
    <!--
      WARNING - @mbggenerated
      This element is automatically generated by MyBatis Generator, do not modify.
    -->
    <id column="trainer_ID" jdbcType="INTEGER" property="trainerId" />
    <result column="name" jdbcType="VARCHAR" property="name" />
    <result column="sex" jdbcType="VARCHAR" property="sex" />
    <result column="email" jdbcType="VARCHAR" property="email" />
    <result column="honour" jdbcType="VARCHAR" property="honour" />
    <result column="experience" jdbcType="VARCHAR" property="experience" />
    <result column="entrytime" jdbcType="TIMESTAMP" property="entrytime" />
    <result column="starlevel" jdbcType="VARCHAR" property="starlevel" />
    <result column="customerevaluation" jdbcType="VARCHAR" property="customerevaluation" />
  </resultMap>
  <sql id="Base_Column_List">
    <!--
      WARNING - @mbggenerated
      This element is automatically generated by MyBatis Generator, do not modify.
    -->
    trainer_ID, name, sex, email, honour, experience, entrytime, starlevel, customerevaluation
  </sql>
  <select id="QueryAll" resultMap="BaseResultMap">
    select * from trainer
  </select>
  <select id="selectByPrimaryKey" parameterType="java.lang.Integer" resultMap="BaseResultMap">
    <!--
      WARNING - @mbggenerated
      This element is automatically generated by MyBatis Generator, do not modify.
    -->
    select 
    <include refid="Base_Column_List" />
    from trainer
    where trainer_ID = #{trainerId,jdbcType=INTEGER}
  </select>
  <delete id="deleteByPrimaryKey" parameterType="java.lang.Integer">
    <!--
      WARNING - @mbggenerated
      This element is automatically generated by MyBatis Generator, do not modify.
    -->
    delete from trainer
    where trainer_ID = #{trainerId,jdbcType=INTEGER}
  </delete>
  <insert id="insert" parameterType="group27.xukai.cpt202b.entity.Trainer">
    <!--
      WARNING - This element is automatically generated by MyBatis Generator, do not modify.
    -->
    insert into trainer (trainer_ID, name, sex, email,
    honour, experience, entrytime,
    starlevel, customerevaluation)
    values (#{trainerId,jdbcType=INTEGER}, #{name,jdbcType=VARCHAR}, #{sex,jdbcType=VARCHAR}, #{email,jdbcType=VARCHAR},
    #{honour,jdbcType=VARCHAR}, #{experience,jdbcType=VARCHAR}, #{entrytime,jdbcType=TIMESTAMP},
    #{starlevel,jdbcType=VARCHAR}, #{customerevaluation,jdbcType=VARCHAR})
  </insert>
  <insert id="insertSelective" parameterType="group27.xukai.cpt202b.entity.Trainer">
    <!--
      WARNING - @mbggenerated
      This element is automatically generated by MyBatis Generator, do not modify.
    -->
    insert into trainer
    <trim prefix="(" suffix=")" suffixOverrides=",">
      <if test="trainerId != null">
        trainer_ID,
      </if>
      <if test="name != null">
        name,
      </if>
      <if test="sex != null">
        sex,
      </if>
      <if test="email != null">
        email,
      </if>
      <if test="honour != null">
        honour,
      </if>
      <if test="experience != null">
        experience,
      </if>
      <if test="entrytime != null">
        entrytime,
      </if>
      <if test="starlevel != null">
        starlevel,
      </if>
      <if test="customerevaluation != null">
        customerevaluation,
      </if>
    </trim>
    <trim prefix="values (" suffix=")" suffixOverrides=",">
      <if test="trainerId != null">
        #{trainerId,jdbcType=INTEGER},
      </if>
      <if test="name != null">
        #{name,jdbcType=VARCHAR},
      </if>
      <if test="sex != null">
        #{sex,jdbcType=VARCHAR},
      </if>
      <if test="email != null">
        #{email,jdbcType=VARCHAR},
      </if>
      <if test="honour != null">
        #{honour,jdbcType=VARCHAR},
      </if>
      <if test="experience != null">
        #{experience,jdbcType=VARCHAR},
      </if>
      <if test="entrytime != null">
        #{entrytime,jdbcType=TIMESTAMP},
      </if>
      <if test="starlevel != null">
        #{starlevel,jdbcType=VARCHAR},
      </if>
      <if test="customerevaluation != null">
        #{customerevaluation,jdbcType=VARCHAR},
      </if>
    </trim>
  </insert>
  <update id="updateByPrimaryKey" parameterType="group27.xukai.cpt202b.entity.Trainer">
    <!--
      WARNING - @mbggenerated
      This element is automatically generated by MyBatis Generator, do not modify.
    -->
    update trainer
    set name = #{name,jdbcType=VARCHAR},
    sex = #{sex,jdbcType=VARCHAR},
    email = #{email,jdbcType=VARCHAR},
    honour = #{honour,jdbcType=VARCHAR},
    experience = #{experience,jdbcType=VARCHAR},
    entrytime = #{entrytime,jdbcType=TIMESTAMP},
    starlevel = #{starlevel,jdbcType=VARCHAR},
    customerevaluation = #{customerevaluation,jdbcType=VARCHAR}
    where trainer_ID = #{trainerId,jdbcType=INTEGER}
  </update>
</mapper>